Text,Sentiment
Enjoying a beautiful day at the park!,Positive
Traffic was terrible this morning.,Negative
Just finished an amazing workout! üí™,Positive
Excited about the upcoming weekend getaway!,Positive
Trying out a new recipe for dinner tonight.,Neutral
Feeling grateful for the little things in life.,Positive
Rainy days call for cozy blankets and hot cocoa.,Positive
The new movie release is a must-watch!,Positive
Political discussions heating up on the timeline.,Negative
Missing summer vibes and beach days.,Neutral
Just published a new blog post. Check it out!,Positive
Feeling a bit under the weather today.,Negative
Exploring the city's hidden gems.,Positive
"New year, new fitness goals! üí™",Positive
Technology is changing the way we live.,Neutral
Reflecting on the past and looking ahead.,Positive
Just adopted a cute furry friend! üêæ,Positive
Late-night gaming session with friends.,Positive
Attending a virtual conference on AI.,Neutral
Winter blues got me feeling low.,Negative
Sipping coffee and enjoying a good book.,Positive
Exploring the world of virtual reality.,Positive
Productive day ticking off my to-do list.,Positive
Just finished a challenging workout routine.,Positive
Celebrating a milestone at work! üéâ,Positive
Sunday brunch with friends.,Positive
Learning a new language for personal growth.,Positive
Quiet evening with a good book.,Positive
Reflecting on the importance of mental health.,Positive
New painting in progress! üé®,Positive
Weekend road trip to explore scenic views.,Positive
Enjoying a cup of tea and watching the sunset.,Positive
Coding a new project with enthusiasm.,Positive
Feeling inspired after attending a workshop.,Positive
Winter sports day at the local park.,Positive
Quality time with family this weekend.,Positive
Attending a live music concert tonight.,Positive
Practicing mindfulness with meditation.,Positive
Trying out a new dessert recipe.,Positive
Excited about the upcoming gaming tournament.,Positive
Planning a garden makeover for spring.,Positive
Celebrating a friend's birthday tonight! üéÇ,Positive
Feeling accomplished after a productive day.,Positive
A cozy evening with a good movie.,Positive
Exploring local art galleries this weekend.,Positive
New book release from my favorite author!,Positive
Attending a virtual reality meetup.,Positive
Reflecting on the beauty of nature.,Positive
Cooking a special dinner for loved ones.,Positive
Feeling optimistic about the week ahead.,Positive
Starting a new fitness challenge tomorrow! üí™,Positive
Sunday bike ride through scenic trails.,Positive
Convinced the teacher to have class outdoors. Learning equations with a side of fresh air!,Positive
Trying out a new study technique for upcoming exams. Exploring different learning strategies.,Neutral
Organizing a community cleanup event for a cleaner neighborhood. Promoting environmental awareness.,Neutral
Sharing favorite book recommendations with classmates. Building a mini book club.,Neutral
Experimenting with a new recipe for a school bake sale. Baking adventures in the kitchen.,Neutral
Collaborating on a school project with peers. Teamwork makes the dream work.,Neutral
Attending a school club meeting to explore new interests. Dabbling in extracurricular activities.,Neutral
Exploring a new part-time job opportunity for gaining work experience. Career development in progress.,Neutral
Attending a school assembly to stay informed about upcoming events and announcements. Staying connected with school activities.,Neutral
Exploring a new hobby of photography during free time. Capturing moments through a lens.,Neutral
Participating in a science fair to showcase a unique experiment. Sharing knowledge with peers.,Neutral
Attending a workshop on time management to enhance organizational skills. Striving for efficiency.,Neutral
Volunteering at a local charity event to give back to the community. Contributing to social causes.,Neutral
Collaborating on a group project to promote teamwork and shared responsibilities. Group effort in action.,Neutral
Participating in a debate club to enhance critical thinking and communication skills. Intellectual engagement in progress.,Neutral